name,instance,host,start,end,duration
A,instance_0,PM0,0,0.0123533,0.0123533
A,instance_0,PM0,0.0123533,0.0247066,0.0123533
B,instance_1,PM1,0.0136543,0.0286096,0.0149553
B,instance_0,PM1,0.0260076,0.0383609,0.0123533
C,instance_0,PM0,0.0299106,0.0422639,0.0123533
C,instance_0,PM0,0.0422639,0.0546172,0.0123533
